{
  "spark": {
    "incantation": "spark",
    "aliases": [
      "spark",
      "sprk"
    ]
  },
  "wagalona": {
    "incantation": "wagalona",
    "aliases": [
      "wagalona",
      "wgln"
    ]
  },
  "zephyra": {
    "incantation": "zephyra",
    "aliases": [
      "zephyra",
      "zphyr"
    ]
  },
  "vortium": {
    "incantation": "vortium",
    "aliases": [
      "vortium",
      "vrtm"
    ]
  },
  "shieldra": {
    "incantation": "shieldra",
    "aliases": [
      "shieldra",
      "shldr"
    ]
  },
  "water_dart": {
    "incantation": "water dart",
    "aliases": [
      "water",
      "water dart",
      "water_dart",
      "waterdart",
      "wtr drt"
    ]
  },
  "ice_wall": {
    "incantation": "ice wall",
    "aliases": [
      "c wll",
      "ice",
      "ice wall",
      "ice_wall",
      "icewall"
    ]
  },
  "water_ring": {
    "incantation": "water ring",
    "aliases": [
      "water",
      "water ring",
      "water_ring",
      "waterring",
      "wtr rng"
    ]
  },
  "water_tsunami": {
    "incantation": "water tsunami",
    "aliases": [
      "water",
      "water tsunami",
      "water_tsunami",
      "watertsunami",
      "wtr tsnm"
    ]
  },
  "sun_ball": {
    "incantation": "sun ball",
    "aliases": [
      "sn bll",
      "sun",
      "sun ball",
      "sun_ball",
      "sunball"
    ]
  },
  "flare": {
    "incantation": "flare",
    "aliases": [
      "flare",
      "flr"
    ]
  },
  "magma_tusk": {
    "incantation": "magma tusk",
    "aliases": [
      "magma",
      "magma tusk",
      "magma_tusk",
      "magmatusk",
      "mgm tsk"
    ]
  },
  "rock_stampede": {
    "incantation": "rock stampede",
    "aliases": [
      "rck stmpd",
      "rock",
      "rock stampede",
      "rock_stampede",
      "rockstampede"
    ]
  },
  "pebble": {
    "incantation": "pebble",
    "aliases": [
      "pbbl",
      "pebble"
    ]
  },
  "stone_mountain": {
    "incantation": "stone mountain",
    "aliases": [
      "stn mntn",
      "stone",
      "stone mountain",
      "stone_mountain",
      "stonemountain"
    ]
  },
  "cross_winds": {
    "incantation": "cross winds",
    "aliases": [
      "cross",
      "cross winds",
      "cross_winds",
      "crosswinds",
      "crss wnds"
    ]
  },
  "wind_grab": {
    "incantation": "wind grab",
    "aliases": [
      "wind",
      "wind grab",
      "wind_grab",
      "windgrab",
      "wnd grb"
    ]
  },
  "gas_condensation": {
    "incantation": "gas condensation",
    "aliases": [
      "gas",
      "gas condensation",
      "gas_condensation",
      "gascondensation",
      "gs cndnstn"
    ]
  }
}