{
  "spark": {
    "cooldown": 0.4,
    "damage": 5,
    "manaCost": 5,
    "description": "Quick bolt of light",
    "kind": "projectile",
    "color": 16772696,
    "behavior": {
      "speed": 580,
      "lifetimeMs": 650,
      "radius": 6,
      "count": 1,
      "spreadDeg": 0,
      "range": 520,
      "coneDeg": 22
    }
  },
  "wagalona": {
    "cooldown": 2.0,
    "damage": 18,
    "manaCost": 25,
    "description": "Powerful fire blast",
    "kind": "projectile",
    "color": 16729156,
    "behavior": {
      "speed": 400,
      "lifetimeMs": 1100,
      "radius": 12,
      "count": 1,
      "spreadDeg": 0,
      "range": 560,
      "coneDeg": 18
    }
  },
  "zephyra": {
    "cooldown": 1.5,
    "damage": 8,
    "manaCost": 12,
    "description": "Twin wind shards",
    "kind": "projectile",
    "color": 4244735,
    "behavior": {
      "speed": 520,
      "lifetimeMs": 850,
      "radius": 7,
      "count": 2,
      "spreadDeg": 12,
      "range": 540,
      "coneDeg": 28
    }
  },
  "vortium": {
    "cooldown": 3.0,
    "damage": 25,
    "manaCost": 40,
    "description": "Devastating void burst",
    "kind": "projectile",
    "color": 11550975,
    "behavior": {
      "speed": 340,
      "lifetimeMs": 1400,
      "radius": 16,
      "count": 1,
      "spreadDeg": 0,
      "range": 600,
      "coneDeg": 15
    }
  },
  "shieldra": {
    "cooldown": 5.0,
    "damage": 0,
    "manaCost": 30,
    "description": "Blocks next incoming hit",
    "kind": "shield",
    "color": 4259744,
    "behavior": {
      "lifetimeMs": 3000,
      "blocks": 1
    }
  },
  "water_dart": {
    "cooldown": 0.6,
    "manaCost": 6,
    "kind": "projectile",
    "damage": 5,
    "description": "Fast water dart",
    "color": 2201331,
    "behavior": {
      "speed": 640,
      "lifetimeMs": 650,
      "radius": 6,
      "count": 1,
      "spreadDeg": 0,
      "range": 520,
      "coneDeg": 22
    }
  },
  "ice_wall": {
    "cooldown": 4.0,
    "manaCost": 20,
    "kind": "block",
    "description": "Ice wall blocks hits",
    "color": 8444159,
    "behavior": {
      "blockMs": 2500,
      "radius": 30
    },
    "damage": 0
  },
  "water_ring": {
    "cooldown": 6.0,
    "manaCost": 25,
    "kind": "heal",
    "heal": 30,
    "description": "Healing ring",
    "color": 2201331,
    "behavior": {
      "radius": 28
    },
    "damage": 0
  },
  "water_tsunami": {
    "cooldown": 1.2,
    "manaCost": 12,
    "kind": "projectile",
    "damage": 10,
    "description": "Water Tsunami",
    "color": 2201331,
    "behavior": {
      "speed": 420,
      "lifetimeMs": 1100,
      "radius": 14,
      "count": 2,
      "spreadDeg": 10,
      "range": 540,
      "coneDeg": 26
    }
  },
  "sun_ball": {
    "cooldown": 3.5,
    "manaCost": 30,
    "kind": "projectile",
    "damage": 25,
    "delayMs": 1500,
    "description": "Sun Ball",
    "color": 16766287,
    "behavior": {
      "speed": 360,
      "lifetimeMs": 1400,
      "radius": 18,
      "count": 1,
      "spreadDeg": 0,
      "range": 600,
      "coneDeg": 18
    }
  },
  "flare": {
    "cooldown": 0.7,
    "manaCost": 7,
    "kind": "projectile",
    "damage": 5,
    "description": "Flare",
    "color": 16740419,
    "behavior": {
      "speed": 600,
      "lifetimeMs": 700,
      "radius": 6,
      "count": 1,
      "spreadDeg": 0,
      "range": 540,
      "coneDeg": 24
    }
  },
  "magma_tusk": {
    "cooldown": 4.0,
    "manaCost": 22,
    "kind": "block",
    "description": "Magma Tusk",
    "color": 16727296,
    "behavior": {
      "blockMs": 2500,
      "radius": 34
    },
    "damage": 0
  },
  "rock_stampede": {
    "cooldown": 5.0,
    "manaCost": 28,
    "kind": "status",
    "hits": 5,
    "damage": 4,
    "tickIntervalMs": 180,
    "description": "Rock Stampede",
    "color": 9268835,
    "behavior": {
      "radius": 120,
      "range": 560,
      "coneDeg": 40
    }
  },
  "pebble": {
    "cooldown": 0.9,
    "manaCost": 8,
    "kind": "projectile",
    "damage": 6,
    "description": "Pebble",
    "color": 10395294,
    "behavior": {
      "speed": 560,
      "lifetimeMs": 850,
      "radius": 7,
      "count": 1,
      "spreadDeg": 0,
      "range": 540,
      "coneDeg": 24
    }
  },
  "stone_mountain": {
    "cooldown": 4.5,
    "manaCost": 24,
    "kind": "block",
    "description": "Stone Mountain",
    "color": 7697781,
    "behavior": {
      "blockMs": 2500,
      "radius": 30
    },
    "damage": 0
  },
  "cross_winds": {
    "cooldown": 2.0,
    "manaCost": 18,
    "kind": "projectile",
    "hits": 2,
    "damage": 11,
    "tickIntervalMs": 120,
    "description": "Cross Winds",
    "color": 14743546,
    "behavior": {
      "speed": 520,
      "lifetimeMs": 900,
      "radius": 8,
      "count": 2,
      "spreadDeg": 18,
      "range": 560,
      "coneDeg": 30
    }
  },
  "wind_grab": {
    "cooldown": 6.0,
    "manaCost": 26,
    "kind": "status",
    "ticks": 3,
    "damage": 3,
    "tickIntervalMs": 1000,
    "stunMs": 3000,
    "description": "Wind Grab",
    "color": 13621468,
    "behavior": {
      "radius": 120,
      "range": 560,
      "coneDeg": 40
    }
  },
  "gas_condensation": {
    "cooldown": 4.5,
    "manaCost": 22,
    "kind": "status",
    "ticks": 5,
    "damage": 3,
    "tickIntervalMs": 700,
    "description": "Condenses toxic gas in a lingering cloud (DOT)",
    "color": 7012218,
    "behavior": {
      "radius": 110,
      "durationMs": 3800,
      "range": 560,
      "coneDeg": 45
    },
    "vfx": {
      "cast": "gas_cast",
      "area": "gas_cloud",
      "impact": "gas_pop",
      "shake": 2
    }
  }
}
